City_ID,City,Country,Lat,Lng,Max Temp,Humidity,Cloudiness,Wind Speed,Current Description
0,Viransehir,TR,37.2353,39.7631,52.16,63,5,4.21,clear sky
1,Maldonado,UY,-34.6667,-54.9167,75.22,50,4,9.62,clear sky
2,Busselton,AU,-33.65,115.3333,64.04,56,30,14.58,scattered clouds
3,Port Elizabeth,ZA,-33.918,25.5701,68.09,93,95,4.32,overcast clouds
4,Qaanaaq,GL,77.484,-69.3632,-9.33,73,22,5.79,few clouds
5,Ostrovnoy,RU,68.0531,39.5131,27.64,90,100,24.32,light snow
6,Ushuaia,AR,-54.8,-68.3,37.06,75,75,23.02,broken clouds
7,Bonfim,BR,3.0833,-59.95,77.34,86,100,2.53,overcast clouds
8,Lusambo,CD,-4.9667,23.45,68.81,99,100,1.14,light rain
9,Riyadh,SA,24.6877,46.7219,68.14,32,87,14.05,overcast clouds
10,Aasiaat,GL,68.7098,-52.8699,21.02,78,100,7.27,overcast clouds
11,Arlit,NE,18.7369,7.3853,73.92,22,1,1.34,clear sky
12,Henties Bay,NA,-22.116,14.2845,59.86,91,0,6.89,clear sky
13,Sao Filipe,CV,14.8961,-24.4956,81.97,64,100,12.06,overcast clouds
14,Port Alfred,ZA,-33.5906,26.891,69.6,81,100,15.57,overcast clouds
15,Saldanha,ZA,-33.0117,17.9442,62.24,88,0,13.06,clear sky
16,Carberry,CA,49.8689,-99.3602,6.66,88,22,8.7,few clouds
17,Bredasdorp,ZA,-34.5322,20.0403,62.28,90,100,15.37,light rain
18,Gbarnga,LR,6.9956,-9.4722,71.22,99,34,1.28,light rain
19,Carnarvon,AU,-24.8667,113.6333,70.12,55,0,19.26,clear sky
20,Beloha,MG,-25.1667,45.05,65.1,73,0,10.16,clear sky
21,Upernavik,GL,72.7868,-56.1549,3.99,88,39,7.49,scattered clouds
22,Nuuk,GL,64.1835,-51.7216,29.01,86,90,4.61,light snow
23,Bilma,NE,18.6853,12.9164,75.29,23,0,7.47,clear sky
24,Tafo,GH,6.7345,-1.6127,71.76,95,4,3.27,clear sky
25,Cidreira,BR,-30.1811,-50.2056,68.86,76,0,14.38,clear sky
26,Punta Arenas,CL,-53.15,-70.9167,39.31,75,75,18.41,broken clouds
27,Pangnirtung,CA,66.1451,-65.7125,10.4,67,75,5.75,broken clouds
28,East London,ZA,-33.0153,27.9116,68.77,82,100,13.42,overcast clouds
29,Buedu,SL,8.2803,-10.3719,68.88,97,9,2.35,clear sky
30,Taoudenni,ML,22.6783,-3.9836,77.92,28,87,6.06,overcast clouds
31,Faya,SA,18.3851,42.4509,50.52,53,10,0.81,clear sky
32,Richards Bay,ZA,-28.783,32.0377,68.92,89,100,10.56,light rain
33,Adrar,MR,20.5022,-10.0711,76.46,28,100,10.65,overcast clouds
34,Buraydah,SA,26.326,43.975,63.59,50,28,8.61,scattered clouds
35,Saint-Philippe,RE,-21.3585,55.7679,72.99,69,3,1.05,clear sky
36,Castro Marim,PT,37.2207,-7.4435,56.28,84,0,6.71,clear sky
37,Havre-Saint-Pierre,CA,50.2334,-63.5986,32.81,82,60,4.52,broken clouds
38,Berlevag,NO,70.8578,29.0864,23.36,86,100,7.99,snow
39,Teya,RU,60.3778,92.6267,4.05,98,100,3.38,overcast clouds
40,Conceicao Da Barra,BR,-18.5933,-39.7322,66.42,97,100,7.58,overcast clouds
41,Quatre Cocos,MU,-20.2078,57.7625,71.71,72,11,7.92,few clouds
42,Lagoa,PT,39.05,-27.9833,62.67,88,100,30.8,overcast clouds
43,Ribeira Grande,PT,38.5167,-28.7,64.85,84,99,28.41,overcast clouds
44,Krapivinskiy,RU,54.9992,86.8133,28.04,85,100,5.75,overcast clouds
45,Puerto Ayora,EC,-0.7393,-90.3518,69.55,81,60,7.0,broken clouds
46,Coquimbo,CL,-29.9533,-71.3436,56.93,94,90,5.75,overcast clouds
47,Mount Darwin,ZW,-16.7725,31.5838,70.25,76,18,7.96,few clouds
48,Khor,RU,47.8861,134.9464,22.75,95,100,17.69,snow
49,Plaster Rock,CA,46.9065,-67.39,31.55,96,23,4.14,few clouds
50,Chuy,UY,-33.6971,-53.4616,67.93,80,0,7.81,clear sky
51,Saint-Augustin,CA,51.226,-58.6502,32.63,85,68,5.3,broken clouds
52,Namibe,AO,-15.1961,12.1522,66.76,82,84,5.03,broken clouds
53,Hermanus,ZA,-34.4187,19.2345,67.89,88,100,17.29,light rain
54,Tasiilaq,GL,65.6145,-37.6368,32.16,98,100,10.67,snow
55,Thompson,CA,55.7435,-97.8558,4.33,82,14,9.42,few clouds
56,Chimbote,PE,-9.0853,-78.5783,65.12,83,86,7.96,overcast clouds
57,Zlotow,PL,53.3635,17.0408,40.44,83,100,9.04,overcast clouds
58,Trelleborg,SE,55.3751,13.1569,39.15,82,8,10.49,clear sky
59,Matara,LK,5.9485,80.5353,74.66,86,71,8.14,broken clouds
60,Clyde River,CA,70.4692,-68.5914,3.43,85,93,4.61,overcast clouds
61,Gravdal,NO,68.1214,13.5031,33.51,82,100,5.14,light snow
62,Kedrovyy,RU,56.1667,91.8167,10.81,81,100,6.78,overcast clouds
63,Chake Chake,TZ,-5.2459,39.7666,75.0,80,100,3.67,overcast clouds
64,Biu,NG,10.6129,12.1946,72.68,26,81,4.63,broken clouds
65,Los Llanos De Aridane,ES,28.6585,-17.9182,65.95,84,0,8.99,clear sky
66,Albany,US,42.6001,-73.9662,48.78,66,100,1.99,overcast clouds
67,Sayyan,YE,15.1718,44.3244,53.26,41,84,1.95,broken clouds
68,Puerto Madero,MX,14.7208,-92.4215,82.6,94,40,0.0,scattered clouds
69,Salina Cruz,MX,16.1667,-95.2,81.1,65,0,16.44,clear sky
70,Cape Town,ZA,-33.9258,18.4232,68.11,80,35,17.38,scattered clouds
71,Matay,EG,28.419,30.7792,60.33,58,2,5.19,clear sky
72,Sipe Sipe,BO,-17.45,-66.3833,64.51,55,99,5.01,overcast clouds
73,Mar Del Plata,AR,-38.0023,-57.5575,62.87,82,0,4.7,clear sky
74,Bambous Virieux,MU,-20.3428,57.7575,71.85,94,75,3.44,broken clouds
75,Vila Franca Do Campo,PT,37.7167,-25.4333,63.19,86,98,11.99,overcast clouds
76,Kalabo,ZM,-14.97,22.6814,67.32,91,77,4.94,broken clouds
77,Aksarka,RU,66.5606,67.7975,15.75,95,100,10.11,light snow
78,Khatanga,RU,71.9667,102.5,-34.46,98,6,3.65,clear sky
79,Zemio,CF,5.0314,25.1361,69.04,59,94,0.76,overcast clouds
80,Padang,ID,-0.9492,100.3543,77.05,72,60,1.77,broken clouds
81,Bengkulu,ID,-3.8004,102.2655,80.06,77,84,3.36,broken clouds
82,Severnyy,RU,50.677,36.5532,44.64,81,75,13.42,broken clouds
83,Gat,IL,31.61,34.7642,57.9,63,6,9.06,clear sky
84,Ponta Do Sol,PT,32.6667,-17.1,69.01,85,20,3.09,few clouds
85,Longyearbyen,SJ,78.2186,15.6401,-3.96,86,74,4.21,broken clouds
86,Ancud,CL,-41.8697,-73.8203,56.73,94,85,7.56,overcast clouds
87,Kamenka,RU,51.3223,42.7678,44.74,78,100,22.84,overcast clouds
88,Abu Samrah,SY,35.3029,37.1841,55.31,71,11,2.39,few clouds
89,Umm Lajj,SA,25.0213,37.2685,70.29,50,0,9.1,clear sky
90,Sakakah,SA,29.9697,40.2064,57.31,64,35,4.7,scattered clouds
91,Kita,ML,13.0349,-9.4895,75.65,20,9,3.67,clear sky
92,Castro,BR,-24.7911,-50.0119,57.34,73,12,5.79,few clouds
93,Darab,IR,28.7519,54.5444,59.32,55,0,1.74,clear sky
94,Tonj,SS,7.2737,28.6822,75.7,33,78,5.7,broken clouds
95,Mushie,CD,-3.0167,16.9,69.85,97,100,0.63,overcast clouds
96,Maxixe,MZ,-23.8597,35.3472,73.09,74,100,7.09,overcast clouds
97,Carballo,ES,43.213,-8.691,51.01,90,100,10.13,overcast clouds
98,Strezhevoy,RU,60.7333,77.5889,12.18,92,100,12.06,overcast clouds
99,Moguer,ES,37.2756,-6.8385,55.71,83,0,5.01,clear sky
100,Cayenne,GF,4.9333,-52.3333,82.09,85,20,3.0,few clouds
101,Cururupu,BR,-1.8283,-44.8683,76.75,87,67,3.0,broken clouds
102,Jamestown,US,42.097,-79.2353,42.39,98,90,4.0,light rain
103,Yumen,CN,40.2833,97.2,23.25,47,0,9.31,clear sky
104,Motupe,PE,-6.1519,-79.7142,70.02,69,100,5.3,overcast clouds
105,Lebu,CL,-37.6167,-73.65,54.59,94,61,17.94,broken clouds
106,Rio Gallegos,AR,-51.6226,-69.2181,45.45,55,95,18.28,overcast clouds
107,Codrington,AU,-38.2667,141.9667,65.97,54,83,9.46,broken clouds
108,Zanjan,IR,36.6736,48.4787,43.02,84,100,5.91,overcast clouds
109,Adre,TD,13.4667,22.2,68.29,25,100,14.25,overcast clouds
110,Dikson,RU,73.5069,80.5464,-12.62,78,8,11.63,clear sky
111,Chapais,CA,49.7834,-74.8492,31.78,86,100,15.05,overcast clouds
112,Jijiga,ET,9.35,42.8,60.12,42,99,4.09,overcast clouds
113,Ada,US,43.4166,-116.1262,41.92,74,1,4.0,clear sky
114,Dali,CN,25.7,100.1833,53.11,80,40,3.13,scattered clouds
115,Arraial Do Cabo,BR,-22.9661,-42.0278,68.95,64,92,5.41,overcast clouds
116,Hofn,IS,64.2539,-15.2082,43.57,62,100,11.27,overcast clouds
117,Gemena,CD,3.25,19.7667,69.78,97,100,1.92,overcast clouds
118,Iguatemi,BR,-23.6803,-54.5611,70.16,64,3,5.14,clear sky
119,Puri,IN,19.8,85.85,77.52,82,62,5.77,broken clouds
120,Mchinji,MW,-13.7984,32.8802,67.66,60,80,3.53,broken clouds
121,Puerto Baquerizo Moreno,EC,-0.9,-89.6,67.73,77,87,13.2,overcast clouds
122,Odweyne,SO,9.4092,45.064,67.64,39,81,8.68,broken clouds
123,Mandla,IN,22.6,80.3833,71.26,61,100,2.33,overcast clouds
124,Victoria,HK,22.2855,114.1577,69.33,89,100,1.01,overcast clouds
125,Vila Praia De Ancora,PT,41.811,-8.8526,52.11,84,0,13.02,clear sky
126,Fort-Shevchenko,KZ,44.5086,50.263,49.32,82,5,14.25,clear sky
127,Torres,BR,-29.3353,-49.7269,65.82,88,0,6.73,clear sky
128,Iqaluit,CA,63.7506,-68.5145,7.5,95,100,2.98,overcast clouds
129,Souillac,MU,-20.5167,57.5167,71.98,94,75,3.44,broken clouds
130,Saint-Pierre,RE,-21.3393,55.4781,73.08,66,0,8.05,light rain
131,Bria,CF,6.5423,21.9863,69.62,51,100,2.24,overcast clouds
132,Oranjestad,AW,12.524,-70.027,82.35,78,20,12.66,few clouds
133,Naranjal,EC,-2.6667,-79.6167,75.52,86,100,4.76,overcast clouds
134,Meulaboh,ID,4.1363,96.1285,77.2,85,95,2.77,overcast clouds
135,Qafqafa,JO,32.3483,35.9395,39.83,66,7,2.82,clear sky
136,Paramonga,PE,-10.6667,-77.8333,65.57,84,100,7.76,overcast clouds
137,Lasa,IT,46.6166,10.7002,39.02,85,99,2.42,overcast clouds
138,Xining,CN,36.6167,101.7667,23.34,50,2,2.24,clear sky
139,Labuhan,ID,-6.8844,112.2051,82.99,76,94,1.07,overcast clouds
140,Khandwa,IN,21.8333,76.3333,76.66,63,100,5.46,overcast clouds
141,Dapaong,TG,10.8639,0.205,76.91,18,1,5.12,clear sky
142,Fez,MA,34.0372,-4.9998,53.85,87,0,3.44,clear sky
143,Bonavista,CA,48.6499,-53.1147,31.12,55,99,5.77,overcast clouds
144,Grindavik,IS,63.8424,-22.4338,43.27,81,75,19.57,broken clouds
145,Beausoleil,FR,43.749,7.417,52.48,81,75,8.05,broken clouds
146,Oussouye,SN,12.485,-16.5469,78.49,64,87,5.55,overcast clouds
147,Akyab,MM,20.15,92.9,72.36,68,10,6.35,clear sky
148,Touros,BR,-5.1989,-35.4608,81.5,75,10,12.84,clear sky
149,Gazojak,TM,41.1875,61.4036,41.92,71,25,7.92,scattered clouds
150,Gamba,GA,-2.65,10.0,77.85,91,100,5.57,overcast clouds
151,Volksrust,ZA,-27.3654,29.8818,53.15,93,90,3.36,overcast clouds
152,Margate,GB,51.3813,1.3862,44.87,85,8,27.16,moderate rain
153,Georgetown,MY,5.4112,100.3354,81.9,87,20,0.0,few clouds
154,Puerto Escondido,MX,15.85,-97.0667,83.23,74,75,0.0,broken clouds
155,Saurimo,AO,-9.6608,20.3916,64.49,96,99,2.51,overcast clouds
156,Keti Bandar,PK,24.1447,67.4497,71.87,23,26,11.63,scattered clouds
157,Aliganj,IN,27.5,79.1833,62.65,34,0,7.58,clear sky
158,Yellowknife,CA,62.456,-114.3525,5.41,90,100,11.01,overcast clouds
159,Zwedru,LR,6.0667,-8.1281,72.84,95,72,3.09,moderate rain
160,Verkhnyaya Inta,RU,65.9811,60.3094,7.88,92,99,6.33,overcast clouds
161,Omboue,GA,-1.5746,9.2618,77.54,92,100,3.11,overcast clouds
162,Olafsvik,IS,64.8945,-23.7142,42.76,80,100,20.42,overcast clouds
163,Necochea,AR,-38.5473,-58.7368,59.04,75,6,6.38,clear sky
164,Sorland,NO,67.667,12.6934,34.88,84,100,7.58,light snow
165,Serchhip,IN,23.3,92.8333,56.53,74,4,2.39,clear sky
166,Yankton,US,42.8711,-97.3973,30.11,54,1,5.75,clear sky
167,Damaturu,NG,11.747,11.9608,74.32,21,100,8.08,overcast clouds
168,Andenes,NO,69.3143,16.1194,28.38,93,90,9.22,snow
169,Salalah,OM,17.0151,54.0924,71.69,60,0,5.75,clear sky
170,Wad Rawah,SD,15.1603,33.1397,71.13,23,1,14.0,clear sky
171,Yabelo,ET,4.8833,38.0833,57.88,69,79,5.64,broken clouds
172,Iberia,US,29.9502,-91.7507,69.87,88,1,4.61,clear sky
173,Vir,HR,44.3031,15.0853,47.16,85,100,11.83,overcast clouds
174,San-Pedro,CI,4.7485,-6.6363,78.12,88,92,5.37,light rain
175,Sechura,PE,-5.5569,-80.8222,66.47,74,100,13.18,overcast clouds
176,Mehamn,NO,71.0357,27.8492,27.34,64,100,22.37,light snow
177,Sabha,LY,27.0377,14.4283,62.24,50,4,10.92,clear sky
178,Brae,GB,60.3964,-1.353,46.31,88,100,22.06,overcast clouds
179,Sioux Lookout,CA,50.1001,-91.917,14.38,89,100,15.41,light snow
180,Svetlogorsk,BY,52.6333,29.7333,38.75,78,100,10.33,overcast clouds
181,Hithadhoo,MV,-0.6,73.0833,80.58,80,71,11.86,broken clouds
182,Caravelas,BR,-17.7125,-39.2481,71.64,88,100,10.89,overcast clouds
183,Karema,TZ,-6.8205,30.4389,73.33,76,95,4.56,overcast clouds
184,Bogande,BF,12.9714,-0.1436,77.59,18,14,6.71,few clouds
185,Wattegama,LK,6.7989,81.4808,72.12,88,70,2.64,broken clouds
186,Yamethin,MM,20.4333,96.15,71.82,77,0,1.92,clear sky
187,Kruisfontein,ZA,-34.0033,24.7314,65.88,96,100,5.23,light rain
188,Giraltovce,SK,49.114,21.5173,44.58,94,100,1.19,overcast clouds
189,Cholet,FR,47.1667,-1.0,43.32,88,96,17.9,light rain
190,Manavalakurichi,IN,8.1333,77.3,77.09,89,6,8.43,clear sky
191,Trairi,BR,-3.2778,-39.2689,78.94,79,63,7.94,broken clouds
192,Mehran,IR,33.1222,46.1646,63.05,77,0,6.44,clear sky
193,Gorom-Gorom,BF,14.4439,-0.2361,79.36,19,17,10.78,few clouds
194,Maarianhamina,AX,60.0973,19.9348,19.26,100,98,1.14,overcast clouds
195,Ayorou,NE,14.7308,0.9174,79.75,17,5,9.82,clear sky
196,Hualmay,PE,-11.0964,-77.6139,65.21,84,100,7.54,overcast clouds
197,Uige,AO,-7.6087,15.0613,65.88,99,100,0.87,overcast clouds
198,Laguna,US,38.421,-121.4238,63.64,59,1,5.75,clear sky
199,Saint-Joseph,RE,-21.3667,55.6167,71.98,74,10,1.34,clear sky
200,Nokaneng,BW,-19.6667,22.2667,73.85,66,69,13.42,broken clouds
201,Salisbury,GB,51.0693,-1.7957,39.65,83,6,15.14,clear sky
202,Jardim,BR,-21.4803,-56.1381,74.62,63,6,4.52,clear sky
203,Mana,GF,5.6592,-53.7767,78.31,86,19,7.52,few clouds
204,Garavuti,TJ,37.5672,68.4469,36.25,30,89,4.14,overcast clouds
205,Mayor Pablo Lagerenza,PY,-19.9309,-60.7718,80.04,46,80,4.63,broken clouds
206,Baghdad,IQ,33.3406,44.4009,51.71,71,0,6.91,clear sky
207,Jalpan,MX,21.2333,-99.4833,66.74,84,1,1.61,clear sky
208,Klaksvik,FO,62.2266,-6.589,45.52,81,99,33.24,overcast clouds
209,Saint-Francois,FR,46.4154,3.9054,38.48,95,90,1.14,mist
210,Quime,BO,-16.9833,-67.2167,52.77,83,99,3.91,overcast clouds
211,Nizwa,OM,22.9333,57.5333,68.7,26,3,5.21,clear sky
212,Fonte Boa,BR,-2.4959,-66.2662,73.47,98,100,2.28,overcast clouds
213,Marzuq,YE,14.4,46.4667,66.18,48,100,1.16,overcast clouds
214,Tirano,IT,46.2154,10.1679,47.46,100,100,2.26,overcast clouds
215,Sabla,NG,12.7525,4.7077,77.77,19,0,9.42,clear sky
216,Orasac,BA,44.6289,16.0711,51.87,92,100,3.67,overcast clouds
217,Veere,NL,51.5483,3.6667,47.01,79,36,5.99,scattered clouds
218,Paamiut,GL,61.994,-49.6678,20.12,92,34,5.44,scattered clouds
219,Puerto Castilla,HN,16.0167,-85.9667,78.91,72,1,3.69,clear sky
220,Wellington,NZ,-41.2866,174.7756,67.77,66,84,1.99,broken clouds
221,Kukmor,RU,56.1855,50.8944,24.62,92,57,10.94,broken clouds
222,Nanortalik,GL,60.1432,-45.2371,31.64,95,98,10.45,overcast clouds
223,Lalibela,ET,12.0333,39.0333,54.5,41,73,7.4,broken clouds
224,Stokmarknes,NO,68.5646,14.9108,33.49,90,100,4.43,snow
225,Bathsheba,BB,13.2167,-59.5167,79.41,78,20,12.66,few clouds
226,Mahebourg,MU,-20.4081,57.7,71.89,94,75,3.44,broken clouds
227,Medea,DZ,36.2642,2.7539,45.05,86,1,3.87,clear sky
228,Wawa,NG,9.9022,4.4192,77.34,36,72,3.0,broken clouds
229,Atar,MR,20.5169,-13.0499,81.52,35,100,9.13,overcast clouds
230,Bethanien,NA,-26.502,17.1583,56.25,50,0,7.7,clear sky
231,Khorramshahr,IR,30.4397,48.1664,69.76,83,75,6.91,mist
232,Tessalit,ML,20.1986,1.0114,69.03,29,1,9.1,clear sky
233,Ambilobe,MG,-13.2,49.05,72.28,85,4,3.27,clear sky
234,Tartagal,AR,-22.5164,-63.8013,76.96,40,36,5.32,scattered clouds
235,Buzmeyin,TM,38.0507,58.2056,46.13,66,72,4.61,broken clouds
236,Tiznit,MA,29.5833,-9.5,61.36,66,88,0.54,overcast clouds
237,Mugur-Aksy,RU,50.35,90.5,5.81,57,100,7.85,overcast clouds
238,Copiapo,CL,-27.3667,-70.3333,55.09,42,100,2.04,overcast clouds
239,Chilca,PE,-12.5211,-76.7372,67.6,89,100,5.59,overcast clouds
240,Sohag,EG,26.557,31.6948,59.36,55,0,3.02,clear sky
241,Novo Cruzeiro,BR,-17.4681,-41.8753,62.83,99,100,3.11,overcast clouds
242,Korla,CN,41.7597,86.1469,24.53,58,0,4.81,clear sky
243,Havoysund,NO,70.9963,24.6622,25.68,58,100,13.56,light snow
244,Antofagasta,CL,-23.65,-70.4,60.08,73,72,4.41,broken clouds
245,Harlingen,US,26.1906,-97.6961,79.2,89,90,12.66,overcast clouds
246,Terranuova Bracciolini,IT,43.5522,11.5884,55.36,88,100,3.31,overcast clouds
247,Nadym,RU,65.5333,72.5167,19.45,95,100,16.2,light snow
248,Gazanjyk,TM,39.2446,55.5154,48.31,73,0,4.97,clear sky
249,Nedjo,ET,9.5046,35.5019,56.3,59,100,0.98,overcast clouds
250,Rocha,UY,-34.4833,-54.3333,71.38,60,5,8.99,clear sky
251,Mayumba,GA,-3.432,10.6554,77.61,91,100,6.42,overcast clouds
252,Uvinza,TZ,-5.1036,30.3911,66.45,90,100,0.76,light rain
253,Bani,DO,18.2833,-70.3333,75.9,79,59,8.3,broken clouds
254,Nagpur,IN,21.15,79.1,75.22,100,75,0.0,mist
255,Inirida,CO,3.8653,-67.9239,71.6,95,97,1.05,overcast clouds
256,Isabela,PH,6.7085,121.9711,86.05,71,74,3.09,broken clouds
257,Zaysan,KZ,47.4667,84.8667,20.39,68,100,3.62,overcast clouds
258,Daitari,IN,21.1,85.75,71.42,87,35,2.39,scattered clouds
259,Kachiry,KZ,53.0675,76.1036,30.85,73,100,18.66,overcast clouds
260,Almeirim,BR,-1.5233,-52.5817,74.34,96,96,3.31,heavy intensity rain
261,San Cristobal,VE,7.7669,-72.225,71.78,94,94,1.54,overcast clouds
262,Tromso,NO,69.6496,18.957,26.62,74,75,1.99,light snow
263,Kutum,SD,14.2,24.6667,59.86,33,23,6.08,few clouds
264,Seydi,TM,39.4816,62.9137,45.09,38,7,7.4,clear sky
265,Granada,ES,37.25,-3.25,44.31,89,44,4.36,scattered clouds
266,Barcelos,PT,41.5388,-8.6151,50.92,83,0,5.01,clear sky
267,Ostersund,SE,63.1792,14.6357,30.65,80,90,9.22,overcast clouds
268,Les Cayes,HT,18.2,-73.75,75.76,82,100,4.47,overcast clouds
269,Roros,NO,62.5747,11.3842,21.04,86,75,3.44,light shower snow
270,Mazyr,BY,52.0495,29.2456,37.71,85,27,7.99,scattered clouds
271,Marsh Harbour,BS,26.5412,-77.0636,77.09,80,20,14.63,few clouds
272,Ponta Delgada,PT,37.7333,-25.6667,63.5,88,40,11.5,scattered clouds
273,Vardo,NO,70.3705,31.1107,28.9,48,100,16.93,overcast clouds
274,Urubicha,BO,-15.3833,-62.95,77.0,66,25,2.68,scattered clouds
275,Orebro,SE,59.2741,15.2066,27.93,97,100,4.61,overcast clouds
276,Leh,IN,34.1667,77.5833,13.75,62,0,3.09,clear sky
277,Mwanza,TZ,-2.5167,32.9,75.2,64,100,5.23,light rain
278,Hami,CN,42.8,93.45,24.33,52,1,1.59,clear sky
279,Manosque,FR,43.8288,5.7869,46.71,89,73,1.92,broken clouds
280,Hit,IQ,33.6416,42.8251,61.75,49,99,7.52,overcast clouds
281,Porto Novo,BJ,6.4965,2.6036,82.22,87,21,5.21,few clouds
282,Beroroha,MG,-21.6667,45.1667,77.85,61,11,6.13,few clouds
283,Torbay,CA,47.6666,-52.7314,30.27,82,20,2.3,few clouds
284,Dwarka,IN,22.2394,68.9678,78.55,60,100,12.48,overcast clouds
285,Udankudi,IN,8.4333,78.0167,77.18,76,6,4.9,clear sky
286,Boende,CD,-0.2167,20.8667,71.31,98,100,1.74,overcast clouds
287,Garowe,SO,8.4054,48.4845,67.23,85,100,8.68,overcast clouds
288,Morant Bay,JM,17.8815,-76.4093,82.02,82,100,4.81,overcast clouds
289,Srivardhan,IN,18.0333,73.0167,78.01,86,100,4.52,overcast clouds
290,Pochutla,MX,15.7432,-96.4661,82.22,84,6,4.05,clear sky
291,Cockburn Town,TC,21.4612,-71.1419,76.96,78,40,16.11,scattered clouds
292,Sambava,MG,-14.2667,50.1667,71.22,89,3,5.55,clear sky
293,Sokoni,TZ,-6.4333,39.55,80.01,69,72,7.65,broken clouds
294,Winona,US,43.9666,-91.7668,28.2,51,1,13.8,clear sky
295,Nizhnekamsk,RU,55.6366,51.8245,29.19,100,90,13.42,light shower snow
296,Kashary,RU,49.04,41.0056,45.61,77,100,19.6,overcast clouds
297,San Jose Del Guaviare,CO,2.5729,-72.6459,73.72,91,28,2.37,scattered clouds
298,Varkkallai,IN,8.7341,76.7067,76.78,91,26,5.21,scattered clouds
299,Huarmey,PE,-10.0681,-78.1522,65.93,82,99,7.11,overcast clouds
300,Tokat,TR,40.4167,36.5833,34.86,68,4,6.02,clear sky
301,Nahrin,AF,36.0649,69.1334,45.59,29,10,4.16,clear sky
302,Kiruna,SE,67.8557,20.2251,11.32,79,90,5.75,overcast clouds
303,Awjilah,LY,29.1081,21.2869,62.08,57,5,6.51,clear sky
304,Faranah,GN,10.0404,-10.7434,69.51,47,1,2.1,clear sky
305,Khipro,PK,25.8285,69.3772,68.34,24,40,8.95,scattered clouds
306,Sal Rei,CV,16.1833,-22.9167,77.56,78,100,18.72,overcast clouds
307,Geraldton,AU,-28.7667,114.6,72.01,53,75,16.11,broken clouds
308,Kasongo-Lunda,CD,-6.4667,16.8167,68.88,98,100,0.74,light rain
309,Mumford,GH,5.2618,-0.759,79.9,85,11,7.83,light rain
310,Rimouski,CA,48.4488,-68.524,37.45,76,100,8.19,overcast clouds
311,La Virtud,HN,14.05,-88.7,74.34,82,51,3.22,broken clouds
312,Comodoro Rivadavia,AR,-45.8667,-67.5,55.26,82,40,14.97,light rain
313,General Roca,AR,-39.0333,-67.5833,79.2,17,97,18.61,overcast clouds
314,Marawi,PH,7.9986,124.2928,73.65,73,98,2.44,overcast clouds
315,Punta Alta,AR,-38.8759,-62.0736,67.91,48,54,9.06,broken clouds
316,Mitsamiouli,KM,-11.3847,43.2844,79.12,75,15,8.08,few clouds
317,Venice,US,27.0998,-82.4543,73.99,93,90,11.5,overcast clouds
318,Dekar,BW,-21.5333,21.9333,70.68,71,68,11.01,broken clouds
319,Ilulissat,GL,69.2167,-51.1,24.82,74,75,11.5,light shower snow
320,Rosetta,EG,31.4044,30.4164,66.0,76,17,9.57,few clouds
321,Mairang,IN,25.5667,91.6333,47.32,80,5,1.43,clear sky
322,Novo Aripuana,BR,-5.1206,-60.3797,74.8,97,96,1.32,overcast clouds
323,Qaqortoq,GL,60.7167,-46.0333,34.3,99,94,3.78,overcast clouds
324,Plettenberg Bay,ZA,-34.0527,23.3716,65.17,95,72,4.12,light rain
325,Hun,LY,29.1268,15.9477,60.15,60,10,9.01,clear sky
326,Matinhos,BR,-25.8175,-48.5428,64.22,78,1,7.63,clear sky
327,Kaarina,FI,60.4072,22.369,29.77,100,0,3.44,clear sky
328,Kalmar,SE,56.6616,16.3616,34.97,87,75,10.36,broken clouds
329,Talnakh,RU,69.4865,88.3972,-19.44,79,21,9.15,few clouds
330,Maceio,BR,-9.6658,-35.7353,78.24,83,20,4.61,few clouds
331,Santiago,CL,-33.4569,-70.6483,74.86,41,0,9.22,clear sky
332,Edgewater,US,28.9889,-80.9023,75.58,94,90,6.91,overcast clouds
333,Puerto Quijarro,BO,-17.7833,-57.7667,78.24,84,88,1.86,overcast clouds
334,Maniitsoq,GL,65.4167,-52.9,26.13,79,96,10.22,overcast clouds
335,Karasburg,NA,-28.0167,18.75,50.02,86,0,13.2,clear sky
336,Batsfjord,NO,70.6345,29.7185,23.38,79,100,9.37,light snow
337,Lahan,NP,26.7296,86.4951,64.04,78,0,3.31,clear sky
338,Kavaratti,IN,10.5669,72.642,80.56,74,5,5.75,clear sky
339,Tombouctou,ML,20.0,-3.0,73.76,29,10,9.31,clear sky
340,Sabang,ID,5.8933,95.3214,80.94,76,95,5.75,overcast clouds
341,Masalli,KR,34.7959,126.6553,47.88,50,100,21.88,overcast clouds
342,La Palma,US,33.8464,-118.0467,81.48,14,1,4.0,clear sky
343,Tawang,IN,27.5833,91.8667,40.66,95,100,2.15,overcast clouds
344,Moose Factory,CA,51.2585,-80.6094,33.8,93,90,9.22,light rain
345,Goderich,CA,43.7501,-81.7165,43.92,87,100,20.71,overcast clouds
346,Santa Maria,BR,-29.6842,-53.8069,70.03,48,0,3.51,clear sky
347,Qandala,SO,11.472,49.8728,75.29,72,98,5.79,overcast clouds
348,Caranavi,BO,-15.8167,-67.55,69.75,76,100,1.59,overcast clouds
349,Storsteinnes,NO,69.2408,19.2344,26.6,96,100,4.12,overcast clouds
350,Mafinga,TZ,-7.25,35.0667,69.94,54,39,2.48,scattered clouds
351,Maksi,IN,23.2667,76.15,67.37,61,5,6.26,clear sky
352,Bandarbeyla,SO,9.4942,50.8122,76.35,72,3,13.31,clear sky
353,Dhidhdhoo,MV,6.8833,73.1,81.12,70,100,12.35,overcast clouds
354,Sur,OM,22.5667,59.5289,76.01,46,71,14.03,broken clouds
355,Mount Pleasant,US,32.7941,-79.8626,62.74,87,75,3.0,broken clouds
356,Nchelenge,ZM,-9.3451,28.734,70.88,86,86,2.26,moderate rain
357,Ulaangom,MN,49.9811,92.0667,7.18,71,100,2.24,overcast clouds
358,Saint George,US,37.1041,-113.5841,57.43,25,1,4.61,haze
359,Turochak,RU,52.2576,87.1224,14.68,95,100,3.0,overcast clouds
360,Ormara,PK,25.2088,64.6357,75.15,28,37,8.1,scattered clouds
361,Jilib,SO,0.4883,42.7854,72.81,92,45,4.25,scattered clouds
362,San Carlos De Bariloche,AR,-41.1456,-71.3082,55.15,67,75,20.71,broken clouds
363,Viedma,AR,-40.8135,-62.9967,67.46,45,97,14.41,overcast clouds
364,Tshela,CD,-4.9833,12.9333,72.25,99,100,0.22,light rain
365,Neuquen,AR,-38.9516,-68.0591,78.69,29,0,17.27,clear sky
366,Poroshkovo,UA,48.6683,22.7533,44.02,90,73,1.57,broken clouds
367,Lima,PE,-12.0432,-77.0282,65.89,81,90,8.05,overcast clouds
368,Dingle,PH,10.9995,122.6711,83.64,78,28,7.16,scattered clouds
369,Zhezkazgan,KZ,47.8043,67.7144,32.18,81,99,26.51,light snow
370,Kibaya,TZ,-5.3,36.5667,58.46,83,83,3.53,broken clouds
371,Olden,NO,61.8364,6.8064,38.16,94,100,6.73,overcast clouds
372,Las Palmas,ES,28.4204,-14.0131,61.59,82,100,4.61,overcast clouds
373,Pisco,PE,-13.7,-76.2167,64.45,82,0,13.8,clear sky
374,Arandis,NA,-22.4167,14.9667,53.47,81,0,2.82,clear sky
375,Ilave,PE,-16.0833,-69.6667,50.09,66,100,4.0,overcast clouds
376,Mirabad,AF,30.4362,61.8383,53.87,21,0,2.62,clear sky
377,Bitam,GA,2.076,11.5007,68.29,99,82,2.46,broken clouds
378,Jiuquan,CN,39.7432,98.5174,25.11,42,0,1.77,clear sky
379,Lamu,KE,-2.2717,40.902,80.82,79,17,6.26,few clouds
380,Champerico,GT,14.3,-91.9167,83.35,78,25,6.15,scattered clouds
381,Bizhbulyak,RU,53.6967,54.2642,28.76,95,100,16.33,light snow
382,Thunder Bay,CA,48.4001,-89.3168,21.56,63,40,14.97,scattered clouds
383,Jalu,LY,29.0331,21.5482,61.47,58,8,6.49,clear sky
384,Stepnoye,RU,51.4,46.8667,42.76,90,100,19.86,overcast clouds
385,Puerto Ayacucho,VE,5.6639,-67.6236,74.86,89,96,1.59,overcast clouds
386,Lixourion,GR,38.2019,20.4314,61.3,72,8,7.2,clear sky
387,Oktyabrskoye,RU,43.0645,44.7417,24.94,100,0,4.47,clear sky
388,Rockland,US,41.1668,-74.0496,52.65,74,100,3.42,overcast clouds
389,Bitkine,TD,11.9801,18.2138,78.35,19,100,6.76,overcast clouds
390,Inhambane,MZ,-23.865,35.3833,73.58,73,100,8.16,overcast clouds
391,Tucuma,BR,-0.1833,-50.05,77.45,91,99,6.62,overcast clouds
392,Syriam,MM,16.7722,96.2378,80.71,89,14,5.75,few clouds
393,Tilbury,GB,51.4625,0.3586,41.38,92,7,12.93,clear sky
394,Calvia,ES,39.5657,2.5062,55.96,79,81,6.62,broken clouds
395,Atkarsk,RU,51.8718,45.0078,40.51,96,100,24.07,overcast clouds
396,Samagaltay,RU,50.6022,95.0047,2.43,73,100,0.56,overcast clouds
397,Deogarh,IN,21.5333,84.7333,71.37,85,15,1.43,few clouds
398,Zheleznodorozhnyy,RU,55.7503,38.0042,34.21,92,31,9.4,scattered clouds
399,Goose Creek,US,32.981,-80.0326,62.89,87,75,6.91,broken clouds
400,Sisimiut,GL,66.9395,-53.6735,20.62,83,99,11.32,overcast clouds
401,Vengerovo,RU,55.6848,76.7471,18.97,89,100,14.94,overcast clouds
402,Emba,KZ,48.8264,58.1442,32.65,82,100,24.72,overcast clouds
403,Camacha,PT,33.0833,-16.3333,65.53,88,75,16.11,broken clouds
404,Chegem,RU,43.2833,43.1333,14.13,36,0,10.8,clear sky
405,Iroquois Falls,CA,48.7669,-80.6831,32.14,98,100,9.33,snow
406,Diego De Almagro,CL,-26.3667,-70.05,66.69,31,100,2.37,overcast clouds
407,Norrkoping,SE,58.5942,16.1826,25.57,81,21,3.44,few clouds
408,Kyotera,UG,-0.6156,31.5175,63.59,90,100,3.53,light rain
409,Skjervoy,NO,70.0311,20.9714,30.42,63,62,14.97,broken clouds
410,Maragua,KE,-0.7833,37.1333,63.84,94,84,3.04,broken clouds
411,Maragheh,IR,37.3917,46.2398,46.65,61,94,3.96,overcast clouds
412,Cascais,PT,38.6979,-9.4215,57.51,76,6,8.01,clear sky
413,Mto Wa Mbu,TZ,-3.35,35.85,69.08,76,67,4.56,broken clouds
414,Parana,AR,-31.732,-60.5238,77.52,30,0,7.87,clear sky
415,Cartagena Del Chaira,CO,1.3349,-74.8429,73.13,96,87,0.98,overcast clouds
416,Alghero,IT,40.5589,8.3181,53.69,94,20,3.44,light rain
417,Baykit,RU,61.67,96.37,3.49,98,100,2.98,overcast clouds
418,Marfino,RU,55.7028,37.3822,33.94,87,75,6.71,broken clouds
419,Kananga,CD,-5.8958,22.4178,67.24,99,100,2.55,light rain
420,Olinda,BR,-8.0089,-34.8553,82.13,74,40,5.75,scattered clouds
421,Kouroussa,GN,10.65,-9.8833,72.19,37,0,2.17,clear sky
422,Tocache,PE,-8.1842,-76.5125,71.37,94,100,1.07,light rain
423,Lovosice,CZ,50.515,14.051,44.78,99,100,20.0,overcast clouds
424,Kasempa,ZM,-13.4584,25.8338,62.92,98,100,1.95,light rain
425,Bousso,TD,10.4795,16.7117,76.95,23,100,4.74,overcast clouds
426,Chicama,PE,-7.8447,-79.1469,61.34,82,67,5.39,broken clouds
427,Bay Roberts,CA,47.5999,-53.2648,31.03,59,94,3.83,overcast clouds
428,Verkhniye Kigi,RU,55.4083,58.6044,24.49,88,100,18.07,overcast clouds
429,Muisne,EC,0.6,-80.0333,74.34,81,100,8.95,overcast clouds
430,Mungaa,TZ,-4.9667,34.8833,62.83,58,94,7.34,overcast clouds
431,Lyuban,BY,52.7985,28.0048,39.54,73,100,10.54,overcast clouds
432,Bayan,CN,46.0833,127.4,16.09,93,100,12.75,light snow
433,Husavik,IS,66.0449,-17.3389,44.51,79,65,11.77,broken clouds
434,Koslan,RU,63.4564,48.8989,20.5,98,100,1.88,light snow
435,Port Blair,IN,11.6667,92.75,82.69,80,10,10.13,clear sky
436,Balvi,LV,57.1313,27.2658,28.51,73,7,9.22,clear sky
437,Vysotskoye,RU,45.025,42.9064,40.37,92,21,5.68,few clouds
438,Lakhdenpokhya,RU,61.5198,30.1992,25.83,67,71,14.32,broken clouds
439,Praia,CV,14.9215,-23.5087,77.54,73,0,19.57,clear sky
440,Saint Anthony,US,45.0205,-93.218,26.55,54,1,4.0,clear sky
441,Port-Cartier,CA,50.0334,-66.8654,32.76,70,100,4.27,overcast clouds
442,Khairpur Nathan Shah,PK,27.0936,67.7337,65.39,21,0,5.14,clear sky
443,Totness,SR,5.8833,-56.3167,78.94,84,14,9.55,light rain
444,Senigallia,IT,43.7093,13.2167,55.87,60,100,5.75,overcast clouds
445,Tevriz,RU,57.509,72.4042,20.23,87,100,9.19,overcast clouds
446,Draguignan,FR,43.5333,6.4667,52.38,97,90,2.3,fog
447,Karpathos,GR,35.507,27.2132,58.96,72,0,3.44,clear sky
448,Jati,PK,24.3539,68.2671,70.21,16,10,11.12,clear sky
449,Villa Altagracia,DO,18.673,-70.171,76.55,85,38,3.87,scattered clouds
450,Ochakiv,UA,46.6128,31.5498,42.94,91,8,13.76,clear sky
451,Leshukonskoye,RU,64.8989,45.7622,20.82,96,100,3.91,light snow
452,La Brea,HN,15.8,-85.9667,73.56,91,4,1.32,clear sky
453,Kefalos,GR,36.7453,26.9589,61.02,59,0,3.44,clear sky
454,Teknaf,BD,20.8624,92.3058,71.69,64,3,3.8,clear sky
455,Methoni,GR,36.8197,21.7049,57.22,73,66,3.4,broken clouds
456,Fatehabad,IN,29.5167,75.45,58.69,24,0,4.83,clear sky
457,Luderitz,NA,-26.6481,15.1594,58.86,83,22,9.35,few clouds
458,Narsaq,GL,60.9167,-46.05,34.02,98,97,3.56,overcast clouds
459,Ghanzi,BW,-21.5667,21.7833,70.88,71,30,10.78,scattered clouds
460,Arona,ES,28.0996,-16.681,67.69,82,20,3.44,few clouds
461,Hamilton,US,39.1834,-84.5333,46.24,95,90,1.99,mist
462,Kuryk,KZ,43.2,51.65,48.99,76,5,10.29,clear sky
463,Goure,NE,13.9835,10.2704,80.02,21,0,5.95,clear sky
464,Savannah Bight,HN,16.45,-85.85,80.01,75,6,9.35,clear sky
465,Usinsk,RU,65.9939,57.5281,5.7,91,95,8.97,overcast clouds
466,Bombay,IN,19.0144,72.8479,78.78,94,75,0.0,haze
467,Voineasa,RO,44.2833,24.1333,37.62,87,0,2.3,clear sky
468,Taltal,CL,-25.4,-70.4833,63.19,74,100,1.92,overcast clouds
469,Rawson,AR,-43.3002,-65.1023,57.49,88,40,4.61,scattered clouds
470,Znamenskoye,RU,57.1281,73.8282,18.81,88,100,10.69,overcast clouds
471,Bafoulabe,ML,13.8065,-10.8321,80.58,16,19,2.75,few clouds
472,Bannu,PK,32.9854,70.6027,60.35,19,0,5.79,clear sky
473,Jacareacanga,BR,-6.2222,-57.7528,74.71,97,100,0.38,overcast clouds
474,Mabaruma,GY,8.2,-59.7833,74.44,92,100,2.8,overcast clouds
475,Quixada,BR,-4.9714,-39.0153,79.5,63,89,5.84,overcast clouds
476,Panjab,AF,34.388,67.0233,24.26,53,69,4.12,broken clouds
477,Shieli,KZ,44.1667,66.75,42.44,62,100,11.05,overcast clouds
478,Araci,BR,-11.3333,-38.9667,75.02,80,27,8.39,scattered clouds
479,Puiesti,RO,46.4167,27.5,29.08,81,10,6.33,clear sky
480,Vieste,IT,41.8825,16.175,53.33,69,100,5.64,overcast clouds
481,Aljezur,PT,37.3191,-8.8033,56.5,88,0,4.0,clear sky
482,Coruripe,BR,-10.1256,-36.1756,77.77,81,5,10.13,clear sky
483,Butzow,DE,53.85,11.9833,42.21,77,57,9.19,broken clouds
484,Andijon,UZ,40.7821,72.3442,38.48,40,35,5.37,scattered clouds
485,Lundazi,ZM,-12.2929,33.1782,73.09,51,97,8.61,overcast clouds
486,Acajutla,SV,13.5928,-89.8275,80.08,72,100,4.79,overcast clouds
487,Kilindoni,TZ,-7.9139,39.6668,80.29,74,100,11.07,overcast clouds
488,Kabinda,CD,-6.1333,24.4833,66.63,98,100,3.91,overcast clouds
489,Komatipoort,ZA,-25.4332,31.9548,68.05,98,100,2.08,light rain
490,Niamey,NE,13.5137,2.1098,79.09,19,0,5.75,clear sky
491,San Pedro,PH,14.35,121.0167,86.11,74,40,2.3,scattered clouds
492,Boguchany,RU,58.3814,97.4531,10.89,99,100,2.82,overcast clouds
493,Nouadhibou,MR,20.931,-17.0347,69.78,78,0,6.91,clear sky
494,Turayf,SA,31.6725,38.6637,50.25,100,75,9.22,broken clouds
495,Stephenville,US,32.2207,-98.2023,57.33,46,1,11.5,clear sky
496,Nyaunglebin,MM,17.95,96.7333,70.07,80,33,4.21,scattered clouds
497,Ketou,BJ,7.3633,2.5998,76.06,93,33,3.15,scattered clouds
498,Morgan City,US,29.6994,-91.2068,69.01,86,87,3.98,overcast clouds
499,Kismayo,SO,-0.3582,42.5454,78.66,78,69,8.32,broken clouds
500,Kirovskiy,RU,45.0917,133.5136,41.0,83,100,11.41,light rain
501,Kitchener,CA,43.4254,-80.5112,42.1,96,90,14.0,overcast clouds
502,Yenagoa,NG,4.9247,6.2642,76.37,92,99,4.14,overcast clouds
503,Mislinja,SI,46.4411,15.1956,40.06,94,84,1.48,broken clouds
504,Houma,US,29.5958,-90.7195,69.8,94,1,0.0,clear sky
505,Los Andes,CL,-32.8337,-70.5983,71.58,46,0,0.92,clear sky
506,Itarema,BR,-2.9248,-39.9167,79.57,78,30,13.6,scattered clouds
507,Farrukhnagar,IN,17.0778,78.2011,71.31,96,98,4.52,overcast clouds
508,Bandikui,IN,27.05,76.5667,65.19,24,0,2.53,clear sky
509,Havelock,US,34.8791,-76.9013,61.95,92,1,0.0,clear sky
510,Gracac,HR,44.3006,15.8547,53.38,88,100,3.78,overcast clouds
511,Gerede,TR,40.8008,32.1969,33.28,70,7,6.6,clear sky
512,Lucapa,AO,-8.4192,20.7447,64.49,98,100,2.55,moderate rain
513,Ruy Barbosa,BR,-12.2839,-40.4939,75.06,67,97,2.95,overcast clouds
514,Borskoye,RU,53.0333,51.7167,31.39,92,100,13.29,overcast clouds
515,Kargil,IN,34.5667,76.1,11.98,58,0,2.59,clear sky
516,Najran,SA,17.4924,44.1277,63.25,40,74,1.39,broken clouds
517,Aguimes,ES,27.9054,-15.4461,64.65,77,0,5.75,clear sky
518,Lashio,MM,22.9333,97.75,62.26,85,10,0.65,clear sky
519,Moissala,TD,8.3404,17.7663,73.38,32,41,4.27,scattered clouds
520,Iskateley,RU,67.6803,53.1512,3.27,99,99,4.25,overcast clouds
521,Hauterive,FR,46.0901,3.4459,38.16,88,99,3.65,overcast clouds
522,Varhaug,NO,58.6147,5.6457,33.35,63,99,18.59,overcast clouds
523,Narva-Joesuu,EE,59.4589,28.0408,31.78,54,6,20.69,clear sky
524,Vagay,RU,57.9375,69.0217,22.42,94,100,8.34,light snow
525,Ampanihy,MG,-24.7,44.75,63.77,82,7,10.98,clear sky
526,Santa Marta,CO,11.2408,-74.199,84.25,70,40,5.75,scattered clouds
527,Hyeres,FR,43.1167,6.1167,52.68,95,0,5.75,clear sky
528,Krasnoshchekovo,RU,51.6708,82.7289,34.97,43,100,21.09,overcast clouds
529,Tefe,BR,-3.3542,-64.7114,73.69,97,100,2.48,overcast clouds
530,Guayaramerin,BO,-10.8368,-65.3614,76.1,90,93,0.56,overcast clouds
531,Labrea,BR,-7.2586,-64.7981,76.01,83,99,1.48,overcast clouds
532,Togur,RU,58.3631,82.8265,14.67,94,83,9.08,broken clouds
533,Killybegs,IE,54.6333,-8.45,44.46,71,52,6.85,broken clouds
534,Horn,DE,51.8715,8.9451,40.33,94,86,4.76,overcast clouds
535,Lampang,TH,18.3333,99.5,77.86,69,20,0.0,few clouds
536,Jiayuguan,CN,39.8167,98.3,24.62,39,0,1.3,clear sky
537,Saint-Gabriel,CA,46.3001,-73.3824,35.83,99,100,7.54,overcast clouds
538,Kastamonu,TR,41.5,33.6667,36.59,83,11,0.72,few clouds
539,Vila Velha,BR,-20.3297,-40.2925,66.15,94,75,8.05,broken clouds
540,Karia,NG,11.7306,11.1629,74.82,22,100,7.09,overcast clouds
541,Kalmunai,LK,7.4167,81.8167,75.31,85,100,4.65,overcast clouds
542,Ilabaya,PE,-17.4208,-70.5133,66.9,59,100,2.1,overcast clouds
543,Washington,US,47.5001,-120.5015,37.94,83,100,1.21,overcast clouds
544,Panormos,GR,35.4182,24.6909,56.12,73,9,3.83,clear sky
545,Aquiraz,BR,-3.9014,-38.3911,81.18,82,13,8.5,few clouds
546,Trincomalee,LK,8.5711,81.2335,75.97,84,95,10.78,overcast clouds
547,Dalvik,IS,65.9702,-18.5286,44.53,78,99,12.75,overcast clouds
548,Constantine,DZ,36.365,6.6147,49.41,87,40,10.36,scattered clouds
549,Port Shepstone,ZA,-30.7414,30.455,68.22,90,100,15.59,overcast clouds
550,Almargem Do Bispo,PT,38.8491,-9.2668,54.55,85,20,9.22,few clouds
551,Harper,LR,4.375,-7.7169,78.64,85,83,7.52,broken clouds
552,Ventspils,LV,57.3894,21.5606,30.13,74,0,4.61,clear sky
553,Sandwick,GB,60.0,-1.25,46.22,81,90,20.71,overcast clouds
554,Bandundu,CD,-3.3167,17.3667,69.78,98,100,0.74,overcast clouds
555,Kathor,IN,21.3,72.9333,78.6,66,98,4.27,overcast clouds
556,Kindu,CD,-2.95,25.95,69.08,100,100,5.1,moderate rain
557,Belomorsk,RU,64.5232,34.7668,23.79,82,56,14.16,broken clouds
558,Brokopondo,SR,4.75,-55.1667,77.74,88,25,8.86,scattered clouds
559,Vestmannaeyjar,IS,63.4427,-20.2734,44.78,84,100,20.8,overcast clouds
560,Peniche,PT,39.3558,-9.3811,57.61,84,6,6.67,clear sky
561,Altay,CN,47.8667,88.1167,17.8,51,82,7.94,broken clouds
562,Lake City,US,30.1897,-82.6393,66.51,82,75,3.44,broken clouds
563,Corner Brook,CA,48.9667,-57.9484,39.33,88,100,4.32,overcast clouds
564,Tocopilla,CL,-22.092,-70.1979,65.84,68,84,3.96,broken clouds
565,Penzance,GB,50.1186,-5.5371,46.76,66,4,23.06,clear sky
566,Bani Walid,LY,31.7566,13.9942,60.71,56,100,8.43,overcast clouds
567,Biltine,TD,14.5333,20.9167,74.25,22,95,16.87,overcast clouds
568,Tarn Taran,IN,31.45,74.9253,51.69,32,0,4.81,clear sky
569,Akureyri,IS,65.6835,-18.0878,44.53,57,75,13.8,broken clouds
570,Reconquista,AR,-29.15,-59.65,71.47,51,0,6.53,clear sky
571,Betsiamites,CA,48.9413,-68.646,37.49,81,100,7.05,overcast clouds
572,Grand-Lahou,CI,5.1367,-5.0242,79.3,86,99,4.54,light rain
573,Witu,KE,-2.3889,40.4382,80.76,87,41,4.34,scattered clouds
574,Sharjah,AE,25.3573,55.4033,78.26,58,0,2.3,clear sky
575,Upington,ZA,-28.4478,21.2561,64.78,48,0,9.22,clear sky
576,Daoukro,CI,7.0591,-3.9631,72.81,93,8,2.59,clear sky
577,Shelburne,CA,44.0787,-80.2041,39.09,98,100,17.54,overcast clouds
578,Hot Springs,US,34.5037,-93.0552,61.11,78,75,8.01,broken clouds
579,Walvis Bay,NA,-22.9575,14.5053,60.1,94,0,5.75,clear sky
580,Oudtshoorn,ZA,-33.5907,22.2014,62.96,88,88,5.53,overcast clouds
581,Kajaani,FI,64.2273,27.7285,15.85,86,0,4.61,clear sky
582,Vallenar,CL,-28.5708,-70.7581,70.74,40,7,2.17,clear sky
583,Dzerzhinsk,RU,56.2389,43.4631,29.82,86,90,6.71,light snow
584,Natitingou,BJ,10.3042,1.3796,73.92,22,0,4.27,clear sky
585,Ballina,AU,-28.8667,153.5667,77.04,83,75,11.5,light rain
586,Superior,US,46.7208,-92.1041,22.89,63,1,12.66,clear sky
587,Malatya,TR,38.5,38.0,28.45,93,0,6.91,clear sky
588,Miraflores,MX,19.2167,-98.8083,63.25,67,84,2.24,broken clouds
589,Qasigiannguit,GL,68.8193,-51.1922,25.05,95,100,6.69,light snow
590,Sao Luiz Gonzaga,BR,-28.4083,-54.9608,71.6,44,97,6.96,overcast clouds
591,Batticaloa,LK,7.7102,81.6924,75.36,83,100,6.22,overcast clouds
592,Mitu,CO,1.1983,-70.1733,71.08,98,60,1.43,broken clouds
593,Beckley,US,37.7782,-81.1882,49.68,87,90,1.01,light rain
594,Mezhdurechenskiy,RU,59.6,65.9333,24.03,96,100,6.93,light snow
595,Tete,MZ,-16.1564,33.5867,78.26,70,18,10.04,few clouds
596,Bochnia,PL,49.9691,20.4303,45.37,86,100,4.36,overcast clouds
597,Turukhansk,RU,65.8167,87.9833,-1.7,89,100,18.63,overcast clouds
598,Ekibastuz,KZ,51.6667,75.3667,34.3,67,100,24.09,overcast clouds
599,Jutai,BR,-5.1833,-68.9,73.62,97,96,0.45,overcast clouds
600,Karachi,PK,24.9056,67.0822,66.02,24,16,5.75,smoke
601,Bosaso,SO,11.2842,49.1816,74.25,79,100,2.64,overcast clouds
602,Puerto El Triunfo,SV,13.2833,-88.55,85.12,78,15,6.15,few clouds
603,Bubaque,GW,11.2833,-15.8333,82.63,76,53,9.91,broken clouds
604,Timra,SE,62.487,17.3257,25.68,77,79,0.0,broken clouds
605,Muros,ES,42.7762,-9.0603,52.23,86,55,17.05,broken clouds
606,Sao Jose Da Coroa Grande,BR,-8.8978,-35.1478,78.48,78,12,9.13,few clouds
607,Nacala,MZ,-14.5428,40.6728,74.34,88,11,2.04,few clouds
608,Khuzdar,PK,27.7384,66.6434,50.67,23,0,6.26,clear sky
609,Chokwe,MZ,-24.5333,32.9833,67.98,94,100,5.14,moderate rain
610,Stantsionno-Oyashinskiy,RU,55.4664,83.8245,22.71,82,100,14.36,overcast clouds
611,Kalmeshwar,IN,21.2333,78.9,74.82,64,96,2.17,overcast clouds
612,Marialva,BR,-23.485,-51.7917,75.83,57,51,4.9,broken clouds
613,Yanam,IN,16.7333,82.2167,77.4,95,95,4.05,overcast clouds
614,Serrinha,BR,-11.6642,-39.0075,72.86,84,23,8.23,few clouds
615,Movila,RO,44.55,27.7,44.51,83,0,7.45,clear sky
616,Besancon,FR,47.2488,6.0182,45.77,100,100,5.48,overcast clouds
617,Hereford,GB,52.0568,-2.7148,39.99,88,6,7.47,clear sky
618,Gusau,NG,12.1628,6.6614,74.95,22,2,7.49,clear sky
619,Le Port,RE,-20.9373,55.2919,73.4,88,22,0.92,light rain
620,Santa Fe,AR,-31.6333,-60.7,80.01,46,0,5.01,light rain
621,Satao,PT,40.7418,-7.7329,45.07,91,0,0.81,clear sky
622,Misratah,LY,32.3754,15.0925,65.32,69,100,13.91,overcast clouds
623,Acari,PE,-15.4311,-74.6158,69.4,78,74,3.76,broken clouds
624,Awbari,LY,26.5921,12.7805,63.27,46,4,9.82,clear sky
625,Bonthe,SL,7.5264,-12.505,79.11,83,6,6.69,clear sky
626,Mercedes,AR,-34.6515,-59.4307,82.85,26,0,9.44,clear sky
627,Galveston,US,29.3669,-94.9669,71.94,90,100,5.91,overcast clouds
628,Kennett,US,36.2362,-90.0556,53.83,99,1,5.75,clear sky
629,Boysun,UZ,38.2061,67.1986,44.64,30,91,5.57,overcast clouds
630,Jalingo,NG,8.8833,11.3667,77.88,34,100,2.06,overcast clouds
631,Lumeje,AO,-11.55,20.7833,65.28,94,100,2.51,moderate rain
632,Denizli,TR,37.8402,29.0698,36.45,69,0,3.78,clear sky
633,Mogadishu,SO,2.0371,45.3438,78.31,73,97,8.97,overcast clouds
634,Devils Lake,US,48.1128,-98.8651,17.94,69,1,8.01,clear sky
635,Talmenka,RU,53.8183,83.5677,20.64,74,100,13.15,overcast clouds
636,Tarrega,ES,41.647,1.1396,51.82,83,97,0.72,overcast clouds
637,Bida,NG,9.0833,6.0167,77.72,43,46,3.15,scattered clouds
638,Kilis,TR,36.7161,37.115,43.03,72,6,4.81,clear sky
639,Paracuru,BR,-3.41,-39.0306,81.1,81,20,8.32,few clouds
640,Cassilandia,BR,-19.1133,-51.7342,72.95,69,100,4.14,overcast clouds
641,Nosy Varika,MG,-20.5833,48.5333,71.11,91,18,2.71,few clouds
642,Lubango,AO,-14.9172,13.4925,58.41,82,78,1.16,broken clouds
643,Belyy Yar,RU,53.6039,91.3903,6.69,92,100,0.0,smoke
644,Rincon,US,32.296,-81.2354,63.12,89,20,0.0,few clouds
645,Lysychovo,UA,48.4968,23.2899,39.2,93,35,2.42,scattered clouds
646,Diamantino,BR,-14.4086,-56.4461,75.09,90,98,1.25,overcast clouds
647,Port-Gentil,GA,-0.7193,8.7815,79.47,87,100,7.36,light rain
648,Torbat-E Jam,IR,35.244,60.6225,51.12,32,100,1.12,overcast clouds
649,Marsa Matruh,EG,31.3525,27.2453,64.74,69,14,7.74,few clouds
650,Moratuwa,LK,6.773,79.8816,75.22,77,96,6.02,overcast clouds
651,Mahibadhoo,MV,3.7833,72.9667,81.36,77,23,14.47,few clouds
652,Abapo,BO,-18.8333,-63.4667,70.93,56,100,2.98,overcast clouds
653,Oriximina,BR,-1.7656,-55.8661,75.78,91,83,3.91,broken clouds
654,Sarwar,IN,26.0667,75.0,68.45,59,0,5.37,clear sky
655,Gangapur,IN,26.4833,76.7167,66.07,31,0,4.38,clear sky
656,Bonoua,CI,5.2741,-3.595,82.02,90,42,4.5,light rain
657,Parrsboro,CA,45.4001,-64.332,46.69,72,100,14.43,overcast clouds
658,Skibbereen,IE,51.55,-9.2667,40.8,80,6,10.16,clear sky
659,Menongue,AO,-14.6585,17.691,65.39,84,100,3.62,overcast clouds
660,Plerin,FR,48.5425,-2.7798,47.44,76,99,15.99,overcast clouds
661,Rolla,US,37.9514,-91.7713,50.52,47,1,4.0,clear sky
662,Kafanchan,NG,9.5833,8.3,70.16,34,57,3.56,broken clouds
663,Inta,RU,66.0317,60.1659,7.14,92,100,6.24,overcast clouds
664,Joshimath,IN,30.5667,79.5667,46.47,18,0,8.34,clear sky
665,Pedro Ii,BR,-4.4247,-41.4586,77.74,51,99,1.95,overcast clouds
666,Valparaiso,CL,-33.0393,-71.6273,55.04,94,90,8.05,overcast clouds
667,Belmonte,BR,-15.8631,-38.8828,72.1,90,97,11.3,overcast clouds
668,Puerto Leguizamo,CO,-0.1934,-74.7819,72.14,97,60,1.66,broken clouds
669,Thiruvananthapuram,IN,8.4833,76.9167,76.98,88,20,0.0,mist
670,Sao Joao Do Piaui,BR,-8.3581,-42.2467,83.75,40,91,5.17,overcast clouds
671,Myitkyina,MM,25.3833,97.4,64.96,77,0,1.74,clear sky
672,Oranjemund,NA,-28.55,16.4333,62.26,84,100,7.72,overcast clouds
673,Pangody,RU,65.85,74.4859,19.02,95,100,17.81,light snow
674,San Rafael,AR,-34.6177,-68.3301,80.51,31,1,3.6,clear sky
675,Kitgum,UG,3.2783,32.8867,68.94,71,77,1.63,broken clouds
676,Groningen,NL,53.25,6.75,42.04,87,75,1.01,broken clouds
677,Yurgamysh,RU,55.3714,64.4656,29.01,84,100,15.61,overcast clouds
678,Rubi,ES,41.4923,2.033,56.41,83,40,3.44,scattered clouds
679,Wabana,CA,47.6332,-52.9481,30.07,82,20,2.3,few clouds
680,Ambanja,MG,-13.6833,48.45,73.63,90,7,2.66,clear sky
681,Ambovombe,MG,-25.1667,46.0833,69.33,75,89,13.31,overcast clouds
682,Sao Gabriel Da Cachoeira,BR,-0.1303,-67.0892,72.0,96,39,2.15,scattered clouds
683,Aransas Pass,US,27.9095,-97.15,77.0,90,1,5.01,clear sky
684,Leca Da Palmeira,PT,41.191,-8.7003,51.87,86,0,4.7,clear sky
685,Fereydunshahr,IR,32.941,50.121,34.77,99,96,3.71,light rain
686,Pimenta Bueno,BR,-11.6725,-61.1936,74.37,96,100,2.33,heavy intensity rain
687,Ostroleka,PL,53.0862,21.5757,38.93,94,100,5.97,overcast clouds
688,Rockport,US,28.0206,-97.0544,77.02,86,1,1.01,clear sky
689,Salym,RU,60.0625,71.4789,20.61,94,100,10.45,light snow
690,Lujan,AR,-34.5703,-59.105,83.03,46,0,1.99,clear sky
691,Matagami,CA,49.7502,-77.6328,32.11,100,90,14.97,light snow
692,Hambantota,LK,6.1241,81.1185,73.74,94,0,5.75,clear sky
693,Toktogul,KG,41.8708,72.9402,33.44,42,11,4.43,few clouds
694,Kumo,NG,10.0447,11.2122,76.69,24,100,5.32,overcast clouds
695,Luxor,EG,25.6989,32.6421,60.58,53,0,4.14,clear sky
696,Rio Grande,BR,-32.035,-52.0986,70.07,70,0,8.37,clear sky
697,Abakaliki,NG,6.3163,8.1169,76.98,88,100,7.14,overcast clouds
698,Constitucion,CL,-35.3333,-72.4167,57.0,78,7,12.15,clear sky
699,Mishawaka,US,41.662,-86.1586,47.43,57,40,5.99,scattered clouds
700,Alta Floresta,BR,-9.8756,-56.0861,72.46,97,100,2.48,overcast clouds
701,Toguchin,RU,55.2353,84.3858,23.81,79,100,12.86,overcast clouds
702,Mannarakkat,IN,10.9833,76.4667,76.55,97,15,2.1,few clouds
703,Bozdar,PK,27.1828,68.636,53.67,18,0,6.69,clear sky
704,Amapa,BR,1.0,-52.0,73.06,96,100,3.06,overcast clouds
705,Terrace Bay,CA,48.7834,-87.1,22.62,74,98,22.55,overcast clouds
706,Jibuti,DJ,11.5,42.5,74.62,77,99,11.39,overcast clouds
707,Bradley,US,35.1501,-84.8666,56.12,88,75,4.61,moderate rain
708,Trencin,SK,48.8333,18.25,43.68,84,100,3.29,overcast clouds
709,Rumuruti,KE,0.267,36.5389,57.18,90,60,6.78,broken clouds
710,Freeport,US,40.6576,-73.5832,54.18,76,90,1.01,overcast clouds
711,Pasni,PK,25.2631,63.471,72.14,31,0,19.51,clear sky
712,Iranshahr,IR,27.2025,60.6848,62.26,19,0,3.22,clear sky
713,Oksfjord,NO,70.2396,22.3479,25.72,78,32,10.45,scattered clouds
